file;wa_num;module_code;license_module;menu_path_ru;screen_name;screen_type;parent_screen;is_empty;notes;priority;tr_specific;az_note;screenshot_path
IMG-20260522-WA0056.jpg;56;SETTINGS;PMS;Персонализация → Информация по лицензии;Nafta Sanatorium Hotel Лицензия;info;Персонализация;false;Список активных модулей лицензии (PMS, POS, SPA, STOCK и др.);must;no;skip;doc/screens/IMG-20260522-WA0056.jpg
IMG-20260522-WA0057.jpg;57;SETTINGS;ChannelManager;Персонализация → Выбранные модули;Выбранные модули;settings;Персонализация;false;Чекбоксы включенных модулей (Channel Manager, SPA, Управление задачами);must;no;skip;doc/screens/IMG-20260522-WA0057.jpg
IMG-20260522-WA0058.jpg;58;REPORTS;PMS;Отчеты Менеджера;Отчеты в формате PDF;list;Главное меню;false;Сетка кнопок быстрого доступа к PDF-отчетам (Ежедневное управление, Итоги и т.д.);should;no;skip;doc/screens/IMG-20260522-WA0058.jpg
IMG-20260522-WA0059.jpg;59;REPORTS;PMS;Отчеты Менеджера;Отчеты Менеджера;dashboard;Главное меню;false;Панель анализа: Заполняемость, Продажи, Квоты. Фильтры по датам в шапке;should;no;skip;doc/screens/IMG-20260522-WA0059.jpg
IMG-20260522-WA0060.jpg;60;SETTINGS;SETTINGS;Персонализация → Быстрая настройка отеля;Пользователь;list;Быстрая настройка;false;Таблица пользователей системы: Роли, Срок действия, Права доступа;must;no;skip;doc/screens/IMG-20260522-WA0060.jpg
IMG-20260522-WA0061.jpg;61;SETTINGS;SETTINGS;Персонализация → Быстрая настройка отеля;Общая информация;form;Быстрая настройка;false;Базовый профиль отеля: Логотип, Вместимость, Валюта, Координаты карты;must;no;skip;doc/screens/IMG-20260522-WA0061.jpg
IMG-20260522-WA0062.jpg;62;SETTINGS;SETTINGS;Персонализация → Быстрая настройка отеля;Тип Ном.;list;Быстрая настройка;false;Справочник типов номеров (STWN, SDBL, DLX) с коэффициентами вместимости;must;no;skip;doc/screens/IMG-20260522-WA0062.jpg
IMG-20260522-WA0063.jpg;63;SETTINGS;SETTINGS;Персонализация → Быстрая настройка отеля;Тип Пит.;list;Быстрая настройка;false;Справочник типов питания (BB, HB, FB, OB) и цены за доп. питание;must;no;skip;doc/screens/IMG-20260522-WA0063.jpg
IMG-20260522-WA0064.jpg;64;SETTINGS;SETTINGS;Персонализация → Быстрая настройка отеля;Тип Тарифа;list;Быстрая настройка;false;Справочник тарифов (Refundable, Medical, Daily rates);must;no;skip;doc/screens/IMG-20260522-WA0064.jpg
IMG-20260522-WA0065.jpg;65;SETTINGS;SETTINGS;Персонализация → Быстрая настройка отеля;Номер;list;Быстрая настройка;false;Физический номерной фонд (связка № комнаты, типа номера и этажа);must;no;skip;doc/screens/IMG-20260522-WA0065.jpg
IMG-20260522-WA0066.jpg;66;SETTINGS;ACC;Персонализация → Быстрая настройка отеля;Коды дохода;list;Быстрая настройка;false;Справочник Revenue Codes (ROOM, FOOD, SPA STORE, MEDICAL) с НДС;must;no;NAS/1C;doc/screens/IMG-20260522-WA0066.jpg
IMG-20260522-WA0067.jpg;67;SETTINGS;SETTINGS;Персонализация → Быстрая настройка отеля;Отдел;list;Быстрая настройка;false;Физические и логические департаменты (Accommodation, Restaurant, Laundry);must;no;NAS/1C;doc/screens/IMG-20260522-WA0067.jpg
IMG-20260522-WA0068.jpg;68;SETTINGS;ChannelManager;Персонализация → Быстрая настройка отеля;Каналы Продаж (OTA);list;Быстрая настройка;false;Настройки подключений OTA (Booking, Expedia, Exely);must;no;skip;doc/screens/IMG-20260522-WA0068.jpg
IMG-20260522-WA0069.jpg;69;SETTINGS;SETTINGS;Персонализация → Быстрая настройка отеля;Настройки;list;Быстрая настройка;false;Меню детальных настроек (Фото, Счет-фактуры, Платежные шлюзы);should;no;skip;doc/screens/IMG-20260522-WA0069.jpg
IMG-20260522-WA0070.jpg;70;SETTINGS;FixedAsset;Персонализация → Панель настроек отеля;Основные определения отеля;menu;Панель настроек;false;Дашборд кнопок-ссылок ко всем справочникам (Отель, Пользователи, Номера);must;no;skip;doc/screens/IMG-20260522-WA0070.jpg
IMG-20260522-WA0071.jpg;71;SETTINGS;SETTINGS;Персонализация → Панель настроек отеля;Определения CRM / Доп. сборы;menu;Панель настроек;false;Ссылки на настройки задач, анкет, мероприятий и сборов;should;no;skip;doc/screens/IMG-20260522-WA0071.jpg
IMG-20260522-WA0072.jpg;72;SETTINGS;ACC;Персонализация → Панель настроек отеля;Бухгалтерские определения;menu;Панель настроек;false;Ссылки на справочники касс, валют, налогов и тарифов;must;no;NAS/1C;doc/screens/IMG-20260522-WA0072.jpg
IMG-20260522-WA0073.jpg;73;SETTINGS;SETTINGS;Персонализация → Панель настроек отеля;Настройки лояльности / API;menu;Панель настроек;false;Ссылки на справочники бонусов, API-ключей, SMS-шаблонов;nice;no;skip;doc/screens/IMG-20260522-WA0073.jpg
IMG-20260522-WA0074.jpg;74;SETTINGS;ChannelManager;Персонализация → Панель настроек отеля;Установка channel manager;menu;Панель настроек;false;Ссылки на настройки синхронизации, SEO, онлайн-регистрации;must;no;skip;doc/screens/IMG-20260522-WA0074.jpg
IMG-20260522-WA0075.jpg;75;SETTINGS;SETTINGS;Изменение данных отеля → Информация об отеле;Информация об отеле;form;Изменение данных;false;Дублирует экран 0061 с расширенными настройками лицензии;must;no;skip;doc/screens/IMG-20260522-WA0075.jpg
IMG-20260522-WA0076.jpg;76;SETTINGS;SETTINGS;Персонализация → Панель настроек отеля;Другие определения;menu;Панель настроек;false;Настройки печати, WhatsApp API, Соглашения (GDPR);should;no;skip;doc/screens/IMG-20260522-WA0076.jpg
IMG-20260522-WA0077.jpg;77;SETTINGS;SETTINGS;Изменение данных отеля → Добавить фото типа номера;Фото;form;Изменение данных;false;Drag&Drop загрузчик галереи для типов номеров;should;no;skip;doc/screens/IMG-20260522-WA0077.jpg
IMG-20260522-WA0078.jpg;78;SETTINGS;SETTINGS;Изменение данных отеля → Добавить фото отеля;Фото;form;Изменение данных;false;Загрузчик общих фотографий отеля (Drag&Drop);should;no;skip;doc/screens/IMG-20260522-WA0078.jpg
IMG-20260522-WA0079.jpg;79;SETTINGS;PMS;Изменение данных отеля → Адрес электронной почты;Адрес электронной почты;form;Изменение данных;false;Маппинг e-mail адресов по департаментам (Фронт-офис, Бухгалтерия);should;no;skip;doc/screens/IMG-20260522-WA0079.jpg
IMG-20260522-WA0080.jpg;80;SETTINGS;SETTINGS;Изменение данных отеля → Настройки отеля по умолч.;Настройки отеля по умолчанию;form;Изменение данных;false;Назначение отделов по умолчанию (Accommodation, Трансфер, Cash);must;no;skip;doc/screens/IMG-20260522-WA0080.jpg
IMG-20260522-WA0081.jpg;81;SETTINGS;ACC;Изменение данных отеля → Настройки отеля по умолч.;Настройки уведомлений и учета;form;Настройки по умолч.;false;Полицейская интеграция и маппинг главных бухгалтерских счетов;must;yes;tourism registry;doc/screens/IMG-20260522-WA0081.jpg
IMG-20260522-WA0082.jpg;82;SETTINGS;SETTINGS;Изменение данных отеля → Настройки отеля по умолч.;Настройки темы / SMS;form;Настройки по умолч.;false;Аккордеоны настроек визуала (Фавикон) и провайдера SMS;should;no;skip;doc/screens/IMG-20260522-WA0082.jpg
IMG-20260522-WA0083.jpg;83;SETTINGS;PMS;Изменение данных отеля → Настройки отеля по умолч. 2;Другие настройки бронирования;settings;Изменение данных;false;Огромный список тумблеров бизнес-логики (правила отмены, овербукинг);must;yes;skip;doc/screens/IMG-20260522-WA0083.jpg
IMG-20260522-WA0084.jpg;84;SETTINGS;PMS;Изменение данных отеля → Настройки отеля по умолч. 2;Настройки бронирования;settings;Изменение данных;false;Обязательные поля карточки гостя, дефолтные типы питания и рынки;must;no;skip;doc/screens/IMG-20260522-WA0084.jpg
IMG-20260522-WA0085.jpg;85;SETTINGS;SETTINGS;Изменение данных отеля → Настройки отеля по умолч. 2;Настройка доступных номеров;settings;Изменение данных;false;Настройки курсов валют, трансферов и стоек регистрации;must;no;skip;doc/screens/IMG-20260522-WA0085.jpg
IMG-20260522-WA0086.jpg;86;SETTINGS;SETTINGS;Изменение данных отеля → Настройки отеля по умолч. 2;Описание отдела по умолчанию;settings;Изменение данных;false;Маппинг выручки (Банкеты, Ранний заезд, Парковка) к отделам;must;no;NAS/1C;doc/screens/IMG-20260522-WA0086.jpg
IMG-20260522-WA0087.jpg;87;SETTINGS;SETTINGS;Изменение данных отеля → Настройки отеля по умолч. 2;Folio Settings / Настройки гостя;settings;Изменение данных;false;Требования к заполнению профиля гостя (Паспорт, Телефон, E-mail);must;yes;skip;doc/screens/IMG-20260522-WA0087.jpg
IMG-20260522-WA0088.jpg;88;SETTINGS;SETTINGS;Изменение данных отеля → Настройки отеля по умолч. 2;Настройки завершения дня;settings;Изменение данных;false;Триггеры End Of Day (Асинхронное завершение, проверка касс);must;no;skip;doc/screens/IMG-20260522-WA0088.jpg
IMG-20260522-WA0089.jpg;89;SETTINGS;SETTINGS;Изменение данных отеля → Настройки отеля по умолч. 2;Настройки ресторана / Групп;settings;Изменение данных;false;Настройки A-la-carte броней и видимости групповых доходов;should;no;skip;doc/screens/IMG-20260522-WA0089.jpg
IMG-20260522-WA0090.jpg;90;SETTINGS;SETTINGS;Изменение данных отеля → Настройки отеля по умолч. 2;Настройки службы уборки (СУН);settings;Изменение данных;false;Логика हाउसкипинга (смена белья, период проверки минибара);must;no;skip;doc/screens/IMG-20260522-WA0090.jpg
IMG-20260522-WA0091.jpg;91;SETTINGS;SETTINGS;Изменение данных отеля → Настройки отеля по умолч. 2;Настройка счета;settings;Изменение данных;false;Требования к инвойсам (City Ledger, Автоматическое создание счета);must;yes;e-qaimə;doc/screens/IMG-20260522-WA0091.jpg
IMG-20260522-WA0092.jpg;92;SETTINGS;STOCK;Изменение данных отеля → Настройки отеля по умолч. 2;Настройка склада;settings;Изменение данных;false;Использование FIFO для запасов, Бух. коды наличных/кредиток;must;no;NAS/1C;doc/screens/IMG-20260522-WA0092.jpg
IMG-20260522-WA0093.jpg;93;SETTINGS;SETTINGS;Изменение данных отеля → Настройки отеля по умолч. 2;Настройки почты;settings;Изменение данных;false;Баннеры для писем, параметры SMTP, данные Elektra Tenant;must;no;skip;doc/screens/IMG-20260522-WA0093.jpg
IMG-20260522-WA0094.jpg;94;SETTINGS;SETTINGS;Изменение данных отеля → Настройки отеля по умолч. 2;Информация отеля в счете;form;Изменение данных;false;Юр.лицо, IBAN, Регистрационный номер для выставления счетов;must;yes;e-qaimə;doc/screens/IMG-20260522-WA0094.jpg
IMG-20260522-WA0095.jpg;95;SETTINGS;ACC;Изменение данных отеля → Настройки отеля по умолч. 2;Настройки автоматизации парка;form;Изменение данных;false;Интеграция SFTP и прайсы для парковки / соц. сети;should;no;skip;doc/screens/IMG-20260522-WA0095.jpg
IMG-20260522-WA0096.jpg;96;SETTINGS;PMS;Изменение данных отеля → Параметры конфигурации;Параметры конфигурации;list;Изменение данных;false;Системные константы и параметры модулей (EASYPMS, Stok);should;no;skip;doc/screens/IMG-20260522-WA0096.jpg
IMG-20260522-WA0097.jpg;97;ACC;ACC;Изменение данных отеля → Настройки бухгалтерии...;Настройки бухгалтерского учета;form;Изменение данных;false;Глубокий маппинг счетов: Сейфы, Зарплата, Кредиты, Курсовая разница;must;no;NAS/1C;doc/screens/IMG-20260522-WA0097.jpg
IMG-20260522-WA0098.jpg;98;POS;POS;Изменение данных отеля → Настройки Pos-терминала...;Настройки Pos-терминала по умолч.;form;Изменение данных;false;Визуальный конструктор и настройки печати чеков ресторана;must;yes;KKM;doc/screens/IMG-20260522-WA0098.jpg
IMG-20260522-WA0099.jpg;99;MAINTENANCE;OTHER;Изменение данных отеля → Экраны обслуживания;Экраны обслуживания;list;Изменение данных;false;Служебные утилиты пересчета (Сводка, Счета, Статистика);should;no;skip;doc/screens/IMG-20260522-WA0099.jpg
IMG-20260522-WA0100.jpg;100;MAINTENANCE;OTHER;Изменение данных отеля → Экраны обслуживания;Экраны обслуживания (низ);list;Изменение данных;false;Служебные действия: Объединение гостей, Удаление дубликатов;should;no;skip;doc/screens/IMG-20260522-WA0100.jpg
IMG-20260522-WA0101.jpg;101;SETTINGS;SETTINGS;Изменение данных отеля → Нотификация;EMPTY;empty;Изменение данных;true;из меню: Нотификация;nice;;;doc/screens/IMG-20260522-WA0101.jpg
IMG-20260522-WA0102.jpg;102;SETTINGS;SETTINGS;Изменение данных отеля → Нотификация;Отправленные уведомления;list;Изменение данных;false;Журнал отправленных системных пушей и писем;nice;no;skip;doc/screens/IMG-20260522-WA0102.jpg
IMG-20260522-WA0103.jpg;103;SETTINGS;SETTINGS;Изменение данных отеля → Нотификация;Матрица уведомлений;grid;Изменение данных;false;Большая таблица прав (Чекбоксы ролей и доступов к уведомлениям);must;no;skip;doc/screens/IMG-20260522-WA0103.jpg
IMG-20260522-WA0104.jpg;104;PMS;PMS;Фронт-офис → Доступность Типа Номера;Доступность Типа Номера;grid;Фронт-офис;false;Классическая шахматка квот по типам номеров и датам (Всего/Доступно);must;no;skip;doc/screens/IMG-20260522-WA0104.jpg
IMG-20260522-WA0105.jpg;105;PMS;PMS;Фронт-офис → Анализ динамической доступности...;Доступность Типа Номера;chart;Фронт-офис;false;Визуальная гистограмма занятости: Занято, Свободно, Блок, Обслуживание;must;no;skip;doc/screens/IMG-20260522-WA0105.jpg
IMG-20260522-WA0106.jpg;106;PMS;PMS;Фронт-офис → Групповые Бронирования;Групповые Бронирования;list;Фронт-офис;false;Управление блоками групп (Точный, Предварительный, Отмененный);should;no;skip;doc/screens/IMG-20260522-WA0106.jpg
IMG-20260522-WA0107.jpg;107;PMS;PMS;Фронт-офис → Текущая Статус;Dashboard (Статусы);dashboard;Фронт-офис;false;Графики по планам питания (BB/HB/FB) и статусу проживания;must;no;skip;doc/screens/IMG-20260522-WA0107.jpg
IMG-20260522-WA0108.jpg;108;CASH;PMS;Касса → Список счетов-фактур;Список счетов отеля;list;Касса;false;Реестр выставленных инвойсов (City Ledger, Наличные, Отмененные);must;yes;e-qaimə;doc/screens/IMG-20260522-WA0108.jpg
IMG-20260522-WA0109.jpg;109;PMS;PMS;Фронт-офис → Текущая Статус;Dashboard (Прогноз/Доходы);dashboard;Фронт-офис;false;Сводка заездов-выездов (Pax/Rooms) и виджет текущего дохода/курсов;must;no;skip;doc/screens/IMG-20260522-WA0109.jpg
IMG-20260522-WA0110.jpg;110;PMS;PMS;Фронт-офис → Планы по изменению номера;Планы по изменению номера;list;Фронт-офис;false;Лог планируемых переселений гостей (Room Move);should;no;skip;doc/screens/IMG-20260522-WA0110.jpg
IMG-20260522-WA0111.jpg;111;PMS;PMS;Фронт-офис → Планы по изменению номера;EMPTY;empty;Фронт-офис;true;из меню: Планы по изменению номера;nice;;;doc/screens/IMG-20260522-WA0111.jpg
IMG-20260522-WA0112.jpg;112;PMS;PMS;Список в полицию → KBS List Archive;KBS List Archive;list;Список в полицию;false;Журнал автоматической выгрузки списков гостей в полицию;must;yes;tourism registry;doc/screens/IMG-20260522-WA0112.jpg
IMG-20260522-WA0113.jpg;113;CRM;PMS;CRM списки → Причины поездки;Причина поездки гостя;list;CRM списки;false;Статистика по целям визита (полезно для аналитики санатория);nice;no;skip;doc/screens/IMG-20260522-WA0113.jpg
IMG-20260522-WA0114.jpg;114;CRM;PMS;CRM списки → Причины поездки;EMPTY;empty;CRM списки;true;из меню: Причины поездки;nice;;;doc/screens/IMG-20260522-WA0114.jpg
IMG-20260522-WA0115.jpg;115;PMS;PMS;Фронт-офис → Свободные Номера;Свободные Номера;list;Фронт-офис;false;Поиск свободных комнат с фильтрами по свойствам кровати/виду;must;no;skip;doc/screens/IMG-20260522-WA0115.jpg
IMG-20260522-WA0116.jpg;116;CASH;PMS;Фронт-офис → Фолио-баланс бронирования;Бронирование с балансами фолио;list;Фронт-офис;false;Контроль задолженностей проживающих гостей;must;no;skip;doc/screens/IMG-20260522-WA0116.jpg
IMG-20260522-WA0117.jpg;117;PMS;PMS;Список в полицию → Автономное резервное копир...;Автономное резервное копирование;list;Главное меню;false;Экспорт списка In-House на случай падения интернета (Emergency);should;no;skip;doc/screens/IMG-20260522-WA0117.jpg
IMG-20260522-WA0118.jpg;118;CASH;PMS;Касса → City Ledger FollowUp;Agency Statement;report;Касса;false;Отчет сверки задолженностей агентств (City Ledger);must;no;NAS/1C;doc/screens/IMG-20260522-WA0118.jpg
IMG-20260522-WA0119.jpg;119;CRM;PMS;Экран Анкет → Подробный Анализ ответов...;Подробный анализ ответов на анкеты;report;Экран Анкет;false;Оценка качества сервиса по результатам гостевых опросов;should;no;skip;doc/screens/IMG-20260522-WA0119.jpg
IMG-20260522-WA0120.jpg;120;PMS;PMS;Фронт-офис → Анализ динамической доступности...;Доступность Типа Номера (Таблица);grid;Фронт-офис;false;Детальная сетка доступности (Продано/Вмещает) по датам;must;no;skip;doc/screens/IMG-20260522-WA0120.jpg
IMG-20260522-WA0121.jpg;121;CRM;PMS;Панель CRM → Отчет По Ежедневный Статус;Отчет По Ежедневный Статус;dashboard;Панель CRM;false;Главная сводка отеля: Вчера/Сегодня/Завтра (Rooms, PAX, Occupancy);must;no;skip;doc/screens/IMG-20260522-WA0121.jpg
IMG-20260522-WA0122.jpg;122;CRM;PMS;Панель CRM → Отчет По Ежедневный Статус;EMPTY;empty;Панель CRM;true;из меню: Отчет По Ежедневный Статус;nice;;;doc/screens/IMG-20260522-WA0122.jpg
IMG-20260522-WA0123.jpg;123;PMS;PMS;Фронт-офис → Текущая Статус;Dashboard (Статусы 2);dashboard;Фронт-офис;false;Комбинация графика загрузки и мини-таблицы доступности номеров;must;no;skip;doc/screens/IMG-20260522-WA0123.jpg
IMG-20260522-WA0124.jpg;124;PMS;PMS;Фронт-офис → Текущая Статус;Ожидаемые выезды;list;Фронт-офис;false;Сводка на сегодня: Ожидаемые заезды/выезды, информер менеджера;must;no;skip;doc/screens/IMG-20260522-WA0124.jpg
IMG-20260522-WA0125.jpg;125;PMS;PMS;Фронт-офис → Текущая Статус;Dashboard (Аналитика);dashboard;Фронт-офис;false;Круговые диаграммы демографии (Возраст) и % повторных гостей;must;no;skip;doc/screens/IMG-20260522-WA0125.jpg
IMG-20260522-WA0126.jpg;126;MED;PMS;Касса → Ежедневный мед. список гостей;Статусы здоровья гостей;list;Касса;false;Важнейший экран для санатория: Температура, Жалобы, Статус COVID;must;no;skip;doc/screens/IMG-20260522-WA0126.jpg
IMG-20260522-WA0127.jpg;127;PMS;PMS;Фронт-офис → Каналы Продаж (OTA);Цена И Доступность Для Онлайн Канала;grid;Фронт-офис;false;Интерфейс Channel Manager: Цены и квоты в разрезе по дням;must;no;skip;doc/screens/IMG-20260522-WA0127.jpg
IMG-20260522-WA0128.jpg;128;PMS;PMS;Фронт-офис → Каналы Продаж (OTA);EMPTY;empty;Фронт-офис;true;из меню: Каналы Продаж (OTA);nice;;;doc/screens/IMG-20260522-WA0128.jpg
IMG-20260522-WA0129.jpg;129;PMS;PMS;Список в полицию → Список Интерпола;Список Интерпола;list;Список в полицию;false;Экран проверки гостей по черным спискам;should;yes;tourism registry;doc/screens/IMG-20260522-WA0129.jpg
IMG-20260522-WA0130.jpg;130;PMS;PMS;Список в полицию → Список Интерпола;EMPTY;empty;Список в полицию;true;из меню: Список Интерпола;nice;;;doc/screens/IMG-20260522-WA0130.jpg
IMG-20260522-WA0131.jpg;131;PMS;PMS;Ночной Аудит → Конец Дня;Операция На Конец Дня;wizard;Ночной Аудит;false;Чек-лист процедуры закрытия финансового дня (Night Audit);must;no;NAS/1C;doc/screens/IMG-20260522-WA0131.jpg
IMG-20260522-WA0132.jpg;132;PMS;PMS;Ночной Аудит → Конец Дня;EMPTY;empty;Ночной Аудит;true;из меню: Конец Дня;nice;;;doc/screens/IMG-20260522-WA0132.jpg
IMG-20260522-WA0133.jpg;133;CRM;PMS;Панель CRM → Панель CRM;Панель CRM;dashboard;Панель CRM;false;Канбан доска по Задачам (Новый, Обработка, Завершено) по отделам;must;no;skip;doc/screens/IMG-20260522-WA0133.jpg
IMG-20260522-WA0134.jpg;134;CRM;PMS;Панель CRM → Панель CRM;EMPTY;empty;Панель CRM;true;из меню: Панель CRM;nice;;;doc/screens/IMG-20260522-WA0134.jpg
IMG-20260522-WA0135.jpg;135;CASH;PMS;Фронт-офис → Быстрое Начисление;Быстрое Начисление;form;Фронт-офис;false;Быстрый интерфейс (Quick Posting) пробития услуг на счет гостя;must;no;KKM;doc/screens/IMG-20260522-WA0135.jpg
IMG-20260522-WA0136.jpg;136;CASH;PMS;Касса → Список перенаправленных счетов;Список перенаправленных счетов;list;Касса;false;Журнал правил Folio Routing (разделение счетов за проживание и экстра);must;no;skip;doc/screens/IMG-20260522-WA0136.jpg
IMG-20260522-WA0137.jpg;137;CRM;PMS;Панель CRM → Отчет По Ежедневный Статус;VIP Arrivals / Nationality;dashboard;Панель CRM;false;Аналитика заездов VIP-персон и разбивка гостей по гражданству;must;no;skip;doc/screens/IMG-20260522-WA0137.jpg
IMG-20260522-WA0138.jpg;138;CRM;PMS;CRM → Мониторинг Отзывов;Reclaim Comments;list;Мониторинг Отзывов;false;Обработка жалоб и комментариев гостей (Статусы обработки);should;no;skip;doc/screens/IMG-20260522-WA0138.jpg
IMG-20260522-WA0139.jpg;139;CASH;PMS;Касса → Кассовые Операции;Кассовые Операции;list;Касса;false;Журнал всех проводок (Оплаты, возвраты, начисления);must;no;KKM;doc/screens/IMG-20260522-WA0139.jpg
IMG-20260522-WA0140.jpg;140;CASH;PMS;Касса → Представление менеджера;Представление менеджера;dashboard;Касса;false;Сводка KPI (Адаптировано под мобайл): Продажи, ADR/RevPAR, Отмены;must;no;skip;doc/screens/IMG-20260522-WA0140.jpg
IMG-20260522-WA0141.jpg;141;CASH;PMS;Касса → Представление менеджера;EMPTY;empty;Касса;true;из меню: Представление менеджера;nice;;;doc/screens/IMG-20260522-WA0141.jpg
IMG-20260522-WA0142.jpg;142;CRM;PMS;Панель CRM → Панель CRM;Управление Задачами / Отзывами;dashboard;Панель CRM;false;Графики статусов задач и тональности отзывов (Положительный/Отрицат.);should;no;skip;doc/screens/IMG-20260522-WA0142.jpg
IMG-20260522-WA0143.jpg;143;PMS;PMS;Фронт-офис → Трансфер отеля;Список имен для трансфера из аэропорта;list;Трансфер отеля;false;Реестр заказанных трансферов (Рейсы, Данные авто);should;no;skip;doc/screens/IMG-20260522-WA0143.jpg
IMG-20260522-WA0144.jpg;144;MED;PMS;CRM списки → Формы лабораторных исслед.;Формы лабораторных исследований;list;CRM списки;false;Модуль санатория: Назначения тестов, Заметки врачей;must;no;skip;doc/screens/IMG-20260522-WA0144.jpg
IMG-20260522-WA0145.jpg;145;CASH;PMS;Касса → Предоплата;Предоплата;list;Касса;false;Управление депозитами и предварительными оплатами (до заезда);must;no;NAS/1C;doc/screens/IMG-20260522-WA0145.jpg
IMG-20260522-WA0146.jpg;146;POS;PMS;Бронирование комплексов отеля → Бронирования POS;Hotel Restaurant & Facility Reservations;calendar;Бронирование POS;false;Таймлайн броней столиков и SPA-процедур по часам;must;no;skip;doc/screens/IMG-20260522-WA0146.jpg
IMG-20260522-WA0147.jpg;147;POS;PMS;Бронирование комплексов отеля → Бронирования POS;EMPTY;empty;Бронирование POS;true;из меню: Бронирования POS;nice;;;doc/screens/IMG-20260522-WA0147.jpg
IMG-20260522-WA0148.jpg;148;POS;PMS;Бронирование комплексов отеля → Бронирования POS;EMPTY;empty;Бронирование POS;true;из меню: Бронирования POS;nice;;;doc/screens/IMG-20260522-WA0148.jpg
IMG-20260522-WA0149.jpg;149;CASH;PMS;Касса → Касса;Касса;list;Главное меню;false;Сводный баланс смен кассиров (Наличные, Терминалы);must;no;KKM;doc/screens/IMG-20260522-WA0149.jpg
IMG-20260522-WA0150.jpg;150;PMS;PMS;Ночной Аудит → Лог В Конце Дня;Лог В Конце Дня;list;Ночной Аудит;false;Журнал системных ошибок и событий ночного аудита;must;no;skip;doc/screens/IMG-20260522-WA0150.jpg
IMG-20260522-WA0151.jpg;151;CASH;PMS;Касса → Ежедневный курс валют;Ежедневный курс валют;list;Касса;false;Интерфейс установки обменных курсов на сегодня;must;no;NAS/1C;doc/screens/IMG-20260522-WA0151.jpg
IMG-20260522-WA0152.jpg;152;HK;PMS;Служба Уборки Номеров → Управление горничными;Управление горничными;split;Служба Уборки;false;Мощный экран распределения комнат между горничными (drag & drop);must;no;skip;doc/screens/IMG-20260522-WA0152.jpg
IMG-20260522-WA0153.jpg;153;HK;PMS;Служба Уборки Номеров → Управление горничными;EMPTY;empty;Служба Уборки;true;из меню: Управление горничными;nice;;;doc/screens/IMG-20260522-WA0153.jpg
IMG-20260522-WA0154.jpg;154;HK;PMS;Служба Уборки Номеров → Панель управления НК;Панель управления HK;dashboard;Служба Уборки;false;Дашборд Housekeeping: Грязных, Ожидается выезд, Занято;must;no;skip;doc/screens/IMG-20260522-WA0154.jpg
IMG-20260522-WA0155.jpg;155;CRM;PMS;CRM списки → Источники бронирования;Источники бронирования;list;CRM списки;false;Статистика доходов в разрезе Источников (OTA, Walk-in, Корпоранты);should;no;skip;doc/screens/IMG-20260522-WA0155.jpg
IMG-20260522-WA0156.jpg;156;CRM;PMS;CRM списки → Источники бронирования;EMPTY;empty;CRM списки;true;из меню: Источники бронирования;nice;;;doc/screens/IMG-20260522-WA0156.jpg
IMG-20260522-WA0157.jpg;157;CASH;PMS;Касса → City Ledger FollowUp;#Agency Statement#;report;Касса;false;Отчет сверки задолженностей агентств (City Ledger);must;no;NAS/1C;doc/screens/IMG-20260522-WA0157.jpg
IMG-20260522-WA0158.jpg;158;CASH;PMS;Касса → City Ledger FollowUp;EMPTY;empty;Касса;true;из меню: City Ledger FollowUp;nice;;;doc/screens/IMG-20260522-WA0158.jpg
IMG-20260522-WA0159.jpg;159;CRM;PMS;Whatsapp → #Cloud Api Bulk Sending#;Сообщение через API WhatsApp;list;Whatsapp;false;Журнал рассылок WhatsApp (Отправлено, Неудачно);should;no;skip;doc/screens/IMG-20260522-WA0159.jpg
IMG-20260522-WA0160.jpg;160;CRM;PMS;Whatsapp → Cloud Api Bulk Sending;EMPTY;empty;Whatsapp;true;из меню: Cloud Api Bulk Sending;nice;;;doc/screens/IMG-20260522-WA0160.jpg
IMG-20260522-WA0161.jpg;161;CRM;PMS;Whatsapp → Cloud Api Bulk Sending;EMPTY;empty;Whatsapp;true;из меню: Cloud Api Bulk Sending;nice;;;doc/screens/IMG-20260522-WA0161.jpg
IMG-20260522-WA0162.jpg;162;CRM;PMS;Whatsapp → Cloud Api Bulk Sending;EMPTY;empty;Whatsapp;true;из меню: Cloud Api Bulk Sending;nice;;;doc/screens/IMG-20260522-WA0162.jpg
IMG-20260522-WA0163.jpg;163;MED;PMS;CRM списки → Медицинские записи;Медицинские записи;list;CRM списки;false;Медицинские случаи гостей (Ожидание, Обработка);must;no;skip;doc/screens/IMG-20260522-WA0163.jpg
IMG-20260522-WA0164.jpg;164;MED;PMS;CRM списки → Медицинские записи;EMPTY;empty;CRM списки;true;из меню: Медицинские записи;nice;;;doc/screens/IMG-20260522-WA0164.jpg
IMG-20260522-WA0165.jpg;165;MED;PMS;CRM списки → Медицинские записи;EMPTY;empty;CRM списки;true;из меню: Медицинские записи;nice;;;doc/screens/IMG-20260522-WA0165.jpg
IMG-20260522-WA0166.jpg;166;MED;PMS;CRM списки → Определения лабораторных иссл.;Определения лабораторных исследований;list;CRM списки;false;Справочник мед. анализов с референсными значениями (Мин/Макс);must;no;skip;doc/screens/IMG-20260522-WA0166.jpg
IMG-20260522-WA0167.jpg;167;HK;PMS;Служба Уборки → СУН Контроль И Состояние...;СУН Контроль И Состояние Номера;list;Служба Уборки;false;Детальный статус уборки, легионелла, расходники;must;no;skip;doc/screens/IMG-20260522-WA0167.jpg
IMG-20260522-WA0168.jpg;168;HK;PMS;Служба Уборки → Список Закрытых Номеров;Список Закрытых Номеров;list;Служба Уборки;false;Журнал номеров на ремонте (Out of Order / Out of Service);must;no;skip;doc/screens/IMG-20260522-WA0168.jpg
IMG-20260522-WA0169.jpg;169;CRM;PMS;Бронирования → Прим. к брони;Прим. к брони;list;Бронирования;false;Журнал особых отметок и экстра-реквестов гостей;should;no;skip;doc/screens/IMG-20260522-WA0169.jpg
IMG-20260522-WA0170.jpg;170;PMS;PMS;Ночной Аудит → Конец Года;Конец Года;wizard;Ночной Аудит;false;Закрытие финансового года (Первый/Последний день);must;no;NAS/1C;doc/screens/IMG-20260522-WA0170.jpg
IMG-20260522-WA0171.jpg;171;PMS;PMS;Ночной Аудит → Конец Года;EMPTY;empty;Ночной Аудит;true;из меню: Конец Года;nice;;;doc/screens/IMG-20260522-WA0171.jpg
IMG-20260522-WA0172.jpg;172;CASH;PMS;Касса → Касса;Касса;list;Главное меню;false;Журнал кассовых смен (Наличные, Терминалы);must;no;KKM;doc/screens/IMG-20260522-WA0172.jpg
IMG-20260522-WA0173.jpg;173;PMS;PMS;Фронт-офис → Гостевые Карточки;Гостевые Карточки;list;Касса;false;Реестр профайлов гостей (Национальность, контакты);must;yes;tourism registry;doc/screens/IMG-20260522-WA0173.jpg
IMG-20260522-WA0174.jpg;174;CRM;PMS;Бронирования → Обзор бронирований;Обзор бронирований;list;Бронирования;false;Списки гостей по статусам (Ожидание, Проживающие, Выезд);must;no;skip;doc/screens/IMG-20260522-WA0174.jpg
IMG-20260522-WA0175.jpg;175;CRM;PMS;Whatsapp → #Bulk Sending#;Сообщение через API WhatsApp;list;Whatsapp;false;Журнал массовых рассылок гостям;nice;no;skip;doc/screens/IMG-20260522-WA0175.jpg
IMG-20260522-WA0176.jpg;176;CRM;PMS;Whatsapp → Bulk Sending;EMPTY;empty;Whatsapp;true;из меню: Bulk Sending;nice;;;doc/screens/IMG-20260522-WA0176.jpg
IMG-20260522-WA0177.jpg;177;CRM;PMS;Whatsapp → Bulk Sending;EMPTY;empty;Whatsapp;true;из меню: Bulk Sending;nice;;;doc/screens/IMG-20260522-WA0177.jpg
IMG-20260522-WA0178.jpg;178;CRM;PMS;Бронирования → Бронирования гостей;Бронирования гостей;list;Бронирования;false;Поиск броней с расширенными фильтрами CRM;must;no;skip;doc/screens/IMG-20260522-WA0178.jpg
IMG-20260522-WA0179.jpg;179;PMS;PMS;Служба Уборки → Список Изменений Номеров;Поменять Номер;list;Служба Уборки;false;История переселений гостей (Room Moves);should;no;skip;doc/screens/IMG-20260522-WA0179.jpg
IMG-20260522-WA0180.jpg;180;PMS;PMS;Служба Уборки → Список Изменений Номеров;EMPTY;empty;Служба Уборки;true;из меню: Список Изменений Номеров;nice;;;doc/screens/IMG-20260522-WA0180.jpg
IMG-20260522-WA0181.jpg;181;CRM;PMS;Панель CRM → Панель CRM;Dashboard (Демография);dashboard;Панель CRM;false;Круговые диаграммы национальностей и типов гостей;must;no;skip;doc/screens/IMG-20260522-WA0181.jpg
IMG-20260522-WA0182.jpg;182;CRM;PMS;Whatsapp → #Messaging By Whatsapp Cloud Api#;Messaging By Whatsapp Cloud Api;chat;Whatsapp;false;Интерфейс прямого чата с гостем через WhatsApp;should;no;skip;doc/screens/IMG-20260522-WA0182.jpg
IMG-20260522-WA0183.jpg;183;CRM;PMS;Whatsapp → Messaging By Whatsapp Cloud Api;EMPTY;empty;Whatsapp;true;из меню: Messaging By Whatsapp;nice;;;doc/screens/IMG-20260522-WA0183.jpg
IMG-20260522-WA0184.jpg;184;PMS;PMS;Фронт-офис → Быстрое Назначение Номера;Быстрое Назначение Номера;split;Фронт-офис;false;Массовое присвоение номеров неразмещенным броням;must;no;skip;doc/screens/IMG-20260522-WA0184.jpg
IMG-20260522-WA0185.jpg;185;CRM;PMS;Панель CRM → Панель CRM;Dashboard (Анкеты);dashboard;Панель CRM;false;Анализ заполненности анкет по национальностям;should;no;skip;doc/screens/IMG-20260522-WA0185.jpg
IMG-20260522-WA0186.jpg;186;HK;PMS;Служба Уборки → Управление горничными;Изменение статуса номера;dialog;Служба Уборки;false;Попап смены статуса уборки (Грязный, Чистый, Проверен);must;no;skip;doc/screens/IMG-20260522-WA0186.jpg
IMG-20260522-WA0187.jpg;187;HK;PMS;Служба Уборки → Управление горничными;EMPTY;empty;Служба Уборки;true;из меню: Управление горничными;nice;;;doc/screens/IMG-20260522-WA0187.jpg
IMG-20260522-WA0188.jpg;188;PMS;PMS;Ночной Аудит → Архивные Отчеты На Конец Дня;Архивные Отчеты На Конец Дня;report;Ночной Аудит;false;Доступ к сохраненным Z-отчетам и сводкам прошлых дней;must;no;NAS/1C;doc/screens/IMG-20260522-WA0188.jpg
IMG-20260522-WA0189.jpg;189;HK;PMS;Служба Уборки → Панель управления HK;Панель управления HK (Повторные);dashboard;Служба Уборки;false;Статистика повторных гостей и загрузки горничных;must;no;skip;doc/screens/IMG-20260522-WA0189.jpg
IMG-20260522-WA0190.jpg;190;HK;PMS;Служба Уборки → Панель управления HK;EMPTY;empty;Служба Уборки;true;из меню: Панель управления HK;nice;;;doc/screens/IMG-20260522-WA0190.jpg
IMG-20260522-WA0191.jpg;191;HK;PMS;Служба Уборки → СУН Операции В Номерах;СУН Операции В Номерах;list;Служба Уборки;false;Журнал фактов уборки с указанием горничных и времени;must;no;skip;doc/screens/IMG-20260522-WA0191.jpg
IMG-20260522-WA0192.jpg;192;PMS;PMS;Ночной Аудит → Обновление бронирования;Обновление бронирования;list;Ночной Аудит;false;Лог отмен и изменений броней с причинами;must;no;skip;doc/screens/IMG-20260522-WA0192.jpg
IMG-20260522-WA0193.jpg;193;PMS;PMS;Ночной Аудит → Обновление бронирования;EMPTY;empty;Ночной Аудит;true;из меню: Обновление бронирования;nice;;;doc/screens/IMG-20260522-WA0193.jpg
IMG-20260522-WA0194.jpg;194;PMS;PMS;Ночной Аудит → Обновление бронирования;EMPTY;empty;Ночной Аудит;true;из меню: Обновление бронирования;nice;;;doc/screens/IMG-20260522-WA0194.jpg
IMG-20260522-WA0195.jpg;195;PMS;PMS;Ночной Аудит → Обновление бронирования;EMPTY;empty;Ночной Аудит;true;из меню: Обновление бронирования;nice;;;doc/screens/IMG-20260522-WA0195.jpg
IMG-20260522-WA0196.jpg;196;PMS;PMS;Ночной Аудит → Обновление бронирования;EMPTY;empty;Ночной Аудит;true;из меню: Обновление бронирования;nice;;;doc/screens/IMG-20260522-WA0196.jpg
IMG-20260522-WA0197.jpg;197;HK;PMS;Касса → Потерянные и найденные вещи;Потерянные и найденные вещи;list;Касса;false;Реестр Lost & Found (Найдено, Доставлено);should;no;skip;doc/screens/IMG-20260522-WA0197.jpg
IMG-20260522-WA0198.jpg;198;MED;PMS;CRM списки → Группы лабораторных иссл.;Группы лабораторных исследований;list;CRM списки;false;Справочник категорий анализов (Гормоны, Кровь и т.д.);must;no;skip;doc/screens/IMG-20260522-WA0198.jpg
IMG-20260522-WA0199.jpg;199;CRM;PMS;Панель CRM → Панель CRM;Dashboard (Отзывы);dashboard;Панель CRM;false;Сводка жалоб/отзывов в разрезе департаментов;should;no;skip;doc/screens/IMG-20260522-WA0199.jpg
IMG-20260522-WA0200.jpg;200;HK;PMS;Служба Уборки → Панель управления HK;Панель управления HK (Состояние);dashboard;Служба Уборки;false;Пончики статусов номерного фонда (Clean/Dirty, Occupied);must;no;skip;doc/screens/IMG-20260522-WA0200.jpg
IMG-20260522-WA0201.jpg;201;CASH;PMS;Касса → Перенесенные Начисления;Отчет о транзакциях перевода;list;Касса;false;Журнал трансферов начислений между фолио гостей;must;no;skip;doc/screens/IMG-20260522-WA0201.jpg
IMG-20260522-WA0202.jpg;202;REPORTS;PMS;Отчеты Менеджера;Заполняемость/ADR/RevPAR по пансиону;report;Отчеты Менеджера;false;Аналитика загрузки по типам питания (BB, HB, FB);must;no;skip;doc/screens/IMG-20260522-WA0202.jpg
IMG-20260522-WA0203.jpg;203;MED;PMS;CRM списки → Результаты лабораторных иссл.;Результаты лабораторных исследований;list;CRM списки;false;Готовые результаты анализов пациентов санатория;must;no;skip;doc/screens/IMG-20260522-WA0203.jpg
IMG-20260522-WA0204.jpg;204;MED;PMS;CRM списки → Результаты лабораторных иссл.;EMPTY;empty;CRM списки;true;из меню: Результаты лабораторных иссл.;nice;;;doc/screens/IMG-20260522-WA0204.jpg
IMG-20260522-WA0205.jpg;205;HK;PMS;Служба Уборки → СУН Список Номеров;Список номеров для горничных;list;Служба Уборки;false;Лист-задание для горничных на день;must;no;skip;doc/screens/IMG-20260522-WA0205.jpg
IMG-20260522-WA0206.jpg;206;PMS;PMS;Фронт-офис → Номерной Фонд (RR);Номерной Фонд (RR);grid;Фронт-офис;false;Классическая визуальная сетка комнат (Room Rack);must;no;skip;doc/screens/IMG-20260522-WA0206.jpg
IMG-20260522-WA0207.jpg;207;PMS;PMS;Фронт-офис → Номерной Фонд (RR);EMPTY;empty;Фронт-офис;true;из меню: Номерной Фонд (RR);nice;;;doc/screens/IMG-20260522-WA0207.jpg
IMG-20260522-WA0208.jpg;208;PMS;PMS;Фронт-офис → Номерной Фонд (RR);EMPTY;empty;Фронт-офис;true;из меню: Номерной Фонд (RR);nice;;;doc/screens/IMG-20260522-WA0208.jpg
IMG-20260522-WA0209.jpg;209;PMS;PMS;Фронт-офис → #Room Plan#;!Room Plan!;calendar;Фронт-офис;false;Диаграмма Ганта (Шахматка) бронирований по номерам;must;no;skip;doc/screens/IMG-20260522-WA0209.jpg
IMG-20260522-WA0210.jpg;210;PMS;PMS;Фронт-офис → Room Plan;EMPTY;empty;Фронт-офис;true;из меню: Room Plan;nice;;;doc/screens/IMG-20260522-WA0210.jpg
IMG-20260522-WA0211.jpg;211;PMS;PMS;Фронт-офис → Room Plan;EMPTY;empty;Фронт-офис;true;из меню: Room Plan;nice;;;doc/screens/IMG-20260522-WA0211.jpg
IMG-20260522-WA0212.jpg;212;PMS;PMS;Фронт-офис → Время бронирования;Время бронирования;list;Фронт-офис;false;Журнал таймингов рейсов и заездов гостей;should;no;skip;doc/screens/IMG-20260522-WA0212.jpg
IMG-20260522-WA0213.jpg;213;PMS;PMS;Фронт-офис → Время бронирования;EMPTY;empty;Фронт-офис;true;из меню: Время бронирования;nice;;;doc/screens/IMG-20260522-WA0213.jpg
IMG-20260522-WA0214.jpg;214;PMS;PMS;Фронт-офис → Время бронирования;EMPTY;empty;Фронт-офис;true;из меню: Время бронирования;nice;;;doc/screens/IMG-20260522-WA0214.jpg
IMG-20260522-WA0215.jpg;215;PMS;PMS;Фронт-офис → Время бронирования;EMPTY;empty;Фронт-офис;true;из меню: Время бронирования;nice;;;doc/screens/IMG-20260522-WA0215.jpg
IMG-20260522-WA0216.jpg;216;PMS;PMS;Фронт-офис → Время бронирования;EMPTY;empty;Фронт-офис;true;из меню: Время бронирования;nice;;;doc/screens/IMG-20260522-WA0216.jpg
IMG-20260522-WA0217.jpg;217;PMS;PMS;Фронт-офис → Время бронирования;EMPTY;empty;Фронт-офис;true;из меню: Время бронирования;nice;;;doc/screens/IMG-20260522-WA0217.jpg
IMG-20260522-WA0218.jpg;218;PMS;PMS;Фронт-офис → Время бронирования;EMPTY;empty;Фронт-офис;true;из меню: Время бронирования;nice;;;doc/screens/IMG-20260522-WA0218.jpg
IMG-20260522-WA0219.jpg;219;PMS;PMS;Фронт-офис → Время бронирования;EMPTY;empty;Фронт-офис;true;из меню: Время бронирования;nice;;;doc/screens/IMG-20260522-WA0219.jpg
IMG-20260522-WA0220.jpg;220;PMS;PMS;Фронт-офис → Время бронирования;EMPTY;empty;Фронт-офис;true;из меню: Время бронирования;nice;;;doc/screens/IMG-20260522-WA0220.jpg
IMG-20260522-WA0221.jpg;221;CRM;PMS;Вопросы → Ключ ответов;Ключ ответов;list;Вопросы;false;Настройка правильных вариантов для тестов/опросов;nice;no;skip;doc/screens/IMG-20260522-WA0221.jpg
IMG-20260522-WA0222.jpg;222;CRM;PMS;Вопросы → Система ответов отеля;Система ответов отеля;list;Вопросы;false;Справочник ответственных за жалобы по отделам;should;no;skip;doc/screens/IMG-20260522-WA0222.jpg
IMG-20260522-WA0223.jpg;223;CRM;ACC;Вопросы → Вопросы управления;Вопросы;list;Вопросы;false;Конструктор анкет качества (Фронт, Бухгалтерия, Уборка);should;no;skip;doc/screens/IMG-20260522-WA0223.jpg
IMG-20260522-WA0224.jpg;224;CRM;PMS;Вопросы → Экзамен;Варианты ответа;list;Вопросы;false;Вложенные списки (дерево) вариантов ответов;nice;no;skip;doc/screens/IMG-20260522-WA0224.jpg
IMG-20260522-WA0225.jpg;225;SETTINGS;SETTINGS;Персонализация → #Agency Portal#;#ElektraHotels.com Agency Portal#;settings;Персонализация;false;Настройка портала B2B агентств (комиссии, лимиты);should;no;skip;doc/screens/IMG-20260522-WA0225.jpg
IMG-20260522-WA0226.jpg;226;SETTINGS;ACC;Устройства и API → #Big Query Connection Request#;#Big Query Connection Request#;form;Устройства и API;false;Интеграция с Google BigQuery (Логин);nice;no;skip;doc/screens/IMG-20260522-WA0226.jpg
IMG-20260522-WA0227.jpg;227;SETTINGS;SETTINGS;CRM Определения → Транспортные средства;Список транспортных средств;list;CRM Определения;false;Справочник автопарка отеля для трансферов;should;no;skip;doc/screens/IMG-20260522-WA0227.jpg
IMG-20260522-WA0228.jpg;228;SETTINGS;SETTINGS;CRM Определения → Код группы резервации;Код группы резервации;list;CRM Определения;false;Справочник тегов для групповых броней;should;no;skip;doc/screens/IMG-20260522-WA0228.jpg
IMG-20260522-WA0229.jpg;229;SETTINGS;SETTINGS;CRM Определения → Код группы резервации;EMPTY;empty;CRM Определения;true;из меню: Код группы резервации;nice;;;doc/screens/IMG-20260522-WA0229.jpg
IMG-20260522-WA0230.jpg;230;SETTINGS;SETTINGS;CRM Определения → Отели-конкуренты;Отели-конкуренты;list;CRM Определения;false;Справочник конкурентов (Compset) для аналитики;nice;no;skip;doc/screens/IMG-20260522-WA0230.jpg
IMG-20260522-WA0231.jpg;231;SETTINGS;FixedAsset;Определения банкета → Основные опред. для банк...;Соглашения по банкету;list;Определения банкета;false;Справочник типовых договоров на мероприятия;should;no;skip;doc/screens/IMG-20260522-WA0231.jpg
IMG-20260522-WA0232.jpg;232;SETTINGS;SETTINGS;Опред. CRM → Ответы CRM по умолчанию;Ответы CRM по умолчанию;list;Определения CRM;false;Шаблоны быстрых ответов (Отменено, Гость недоволен);must;no;skip;doc/screens/IMG-20260522-WA0232.jpg
IMG-20260522-WA0233.jpg;233;SETTINGS;SETTINGS;Опред. CRM → Определения задач отеля;#Task Definition#;list;Определения CRM;false;Справочник типов задач (Техподдержка, Уборка, Врач);must;no;skip;doc/screens/IMG-20260522-WA0233.jpg
IMG-20260522-WA0234.jpg;234;SETTINGS;SETTINGS;Опред. CRM → Подотделы пользователей;Подотделы;list;Определения CRM;false;Детализация структуры (Ресторан -> Бар, Кухня);must;no;skip;doc/screens/IMG-20260522-WA0234.jpg
IMG-20260522-WA0235.jpg;235;SETTINGS;SETTINGS;Опред. CRM → Отделы пользователей;Пользовательские отделы;list;Определения CRM;false;Департаменты для маршрутизации задач;must;no;skip;doc/screens/IMG-20260522-WA0235.jpg
IMG-20260522-WA0236.jpg;236;SETTINGS;SETTINGS;Опред. CRM → Отделы пользователей;EMPTY;empty;Определения CRM;true;из меню: Отделы пользователей;nice;;;doc/screens/IMG-20260522-WA0236.jpg
IMG-20260522-WA0237.jpg;237;SETTINGS;SETTINGS;Опред. анкет → Отделы для анкет;Отделы для анкет;list;Определения анкет;false;Привязка опросников к зонам ответственности;should;no;skip;doc/screens/IMG-20260522-WA0237.jpg
IMG-20260522-WA0238.jpg;238;SETTINGS;SETTINGS;Настройки лояльности → #Agency Loyalty Settings#;#Agency Loyaliti Settings#;form;Настройки лояльности;false;Бонусная программа для агентств (баннеры, правила);should;no;skip;doc/screens/IMG-20260522-WA0238.jpg
IMG-20260522-WA0239.jpg;239;SETTINGS;SETTINGS;Настройки лояльности → Настройки лояльности;Настройки программы лояльности;form;Настройки лояльности;false;Правила гостевых бонусов (% начисления, сгорание);must;no;skip;doc/screens/IMG-20260522-WA0239.jpg
IMG-20260522-WA0240.jpg;240;CRM;PMS;CRM Определения → Экспорт списка гостей;Экспорт (выгрузка) списка гостей;list;CRM Определения;false;Фильтры для выгрузки базы контактов (для рассылок);should;yes;skip;doc/screens/IMG-20260522-WA0240.jpg
IMG-20260522-WA0241.jpg;241;SETTINGS;SETTINGS;CRM Определения → Опред. групп детализации;Определения групп детализации CRM;list;CRM Определения;false;Настройка тегов для жалоб и отзывов;nice;no;skip;doc/screens/IMG-20260522-WA0241.jpg
IMG-20260522-WA0242.jpg;242;SETTINGS;SETTINGS;CRM Определения → #Room Check List Definitions#;Определения чек-листа;list;CRM Определения;false;Инспекционные чек-листы для супервайзеров;should;no;skip;doc/screens/IMG-20260522-WA0242.jpg
IMG-20260522-WA0243.jpg;243;CRM;PMS;CRM Определения → Гости;Гости;list;CRM Определения;false;Глобальная база профилей (CRM Master Data);must;yes;tourism registry;doc/screens/IMG-20260522-WA0243.jpg
IMG-20260522-WA0244.jpg;244;SETTINGS;SETTINGS;Другие определения → Настройки печати;Настройки печати;form;Другие определения;false;Конструктор печатных форм (Отступы, Логотипы, Колонки);must;yes;e-qaimə;doc/screens/IMG-20260522-WA0244.jpg
IMG-20260522-WA0245.jpg;245;SETTINGS;SETTINGS;Другие определения → Настройки печати;EMPTY;empty;Другие определения;true;из меню: Настройки печати;nice;;;doc/screens/IMG-20260522-WA0245.jpg
IMG-20260522-WA0246.jpg;246;SETTINGS;ChannelManager;Установка channel manager → Интеграция;Интеграция;list;Установка channel manager;false;Настройка iCal и других прямых ссылок синхронизации;should;no;skip;doc/screens/IMG-20260522-WA0246.jpg
IMG-20260522-WA0247.jpg;247;SETTINGS;ChannelManager;Установка channel manager → Канал отправки данных;Канал отправки данных;list;Установка channel manager;false;Журнал пушей в Channel Manager (Цены, квоты);must;no;skip;doc/screens/IMG-20260522-WA0247.jpg
IMG-20260522-WA0248.jpg;248;SETTINGS;ChannelManager;Установка channel manager → Журнал канала;Журналы канала;list;Установка channel manager;false;Лог обмена с OTA (Ошибки, Синхронизация);must;no;skip;doc/screens/IMG-20260522-WA0248.jpg
IMG-20260522-WA0249.jpg;249;SETTINGS;ChannelManager;Установка channel manager → Журнал канала;EMPTY;empty;Установка channel manager;true;из меню: Журнал канала;nice;;;doc/screens/IMG-20260522-WA0249.jpg
IMG-20260522-WA0250.jpg;250;SETTINGS;ChannelManager;Установка channel manager → Каналы Продаж (OTA);Каналы Продаж (OTA);list;Установка channel manager;false;Дублирует экран 0068 (Подключенные ОТА);should;no;skip;doc/screens/IMG-20260522-WA0250.jpg
IMG-20260522-WA0251.jpg;251;SETTINGS;ChannelManager;Установка channel manager → Онлайн агентство;Настройки онлайн-цен;form;Установка channel manager;false;Дефолтное агентство для Booking Engine;must;no;skip;doc/screens/IMG-20260522-WA0251.jpg
IMG-20260522-WA0252.jpg;252;SETTINGS;ChannelManager;Установка channel manager → Онлайн агентство;EMPTY;empty;Установка channel manager;true;из меню: Онлайн агентство;nice;;;doc/screens/IMG-20260522-WA0252.jpg
IMG-20260522-WA0253.jpg;253;SETTINGS;PMS;Опред. онлайн-бронирования → #ElektraSync Settings#;#ElektraSync Settings#;form;Опред. онлайн-бронирования;false;Параметры коннектора ElektraSync;should;no;skip;doc/screens/IMG-20260522-WA0253.jpg
IMG-20260522-WA0254.jpg;254;SETTINGS;PMS;Опред. онлайн-бронирования → ElektraSync Settings;EMPTY;empty;Опред. онлайн-бронирования;true;из меню: ElektraSync Settings;nice;;;doc/screens/IMG-20260522-WA0254.jpg
IMG-20260522-WA0255.jpg;255;SETTINGS;PMS;Опред. онлайн-бронирования → Соглашения;Соглашения;list;Опред. онлайн-бронирования;false;Тексты GDPR и правил для формы бронирования;must;yes;skip;doc/screens/IMG-20260522-WA0255.jpg
IMG-20260522-WA0256.jpg;256;SETTINGS;PMS;Опред. онлайн-бронирования → Дополнительные услуги;Дополнительные услуги;list;Опред. онлайн-бронирования;false;Услуги, предлагаемые при бронировании (Трансфер, SPA, цветы);should;no;skip;doc/screens/IMG-20260522-WA0256.jpg
IMG-20260522-WA0257.jpg;257;SETTINGS;PMS;Опред. онлайн-бронирования → Настройки СМС;Настройки СМС;form;Опред. онлайн-бронирования;false;Выбор провайдера СМС для модуля онлайн-бронирования;should;no;skip;doc/screens/IMG-20260522-WA0257.jpg
IMG-20260522-WA0258.jpg;258;SETTINGS;PMS;Опред. онлайн-бронирования → SEO и соц.сети;Настройки SEO и социальных медиа;form;Опред. онлайн-бронирования;false;Настройки вкладок, попапов и аналитики (Google Analytics, Метрика);should;no;skip;doc/screens/IMG-20260522-WA0258.jpg
IMG-20260522-WA0259.jpg;259;SETTINGS;PMS;Опред. онлайн-бронирования → SEO и соц.сети;Настройки SEO (низ);form;Опред. онлайн-бронирования;false;Meta-теги, URL и описание для поисковых систем;should;no;skip;doc/screens/IMG-20260522-WA0259.jpg
IMG-20260522-WA0260.jpg;260;SETTINGS;PMS;Опред. онлайн-бронирования → SEO и соц.сети;EMPTY;empty;Опред. онлайн-бронирования;true;из меню: SEO и соц.сети;nice;;;doc/screens/IMG-20260522-WA0260.jpg
IMG-20260522-WA0261.jpg;261;SETTINGS;PMS;Опред. онлайн-бронирования → Функции отеля;General / Other / Activities;form;Опред. онлайн-бронирования;false;Чек-листы удобств отеля (Бассейн, Парковка, SPA) для сайта;must;no;skip;doc/screens/IMG-20260522-WA0261.jpg
IMG-20260522-WA0262.jpg;262;SETTINGS;PMS;Опред. онлайн-бронирования → Функции отеля;EMPTY;empty;Опред. онлайн-бронирования;true;из меню: Функции отеля;nice;;;doc/screens/IMG-20260522-WA0262.jpg
IMG-20260522-WA0263.jpg;263;SETTINGS;PMS;Опред. онлайн-бронирования → Функции отеля;EMPTY;empty;Опред. онлайн-бронирования;true;из меню: Функции отеля;nice;;;doc/screens/IMG-20260522-WA0263.jpg
IMG-20260522-WA0264.jpg;264;SETTINGS;PMS;Опред. онлайн-бронирования → Функции отеля;EMPTY;empty;Опред. онлайн-бронирования;true;из меню: Функции отеля;nice;;;doc/screens/IMG-20260522-WA0264.jpg
IMG-20260522-WA0265.jpg;265;SETTINGS;PMS;Опред. онлайн-бронирования → Языки онлайн-бр...;Языки отеля;list;Опред. онлайн-бронирования;false;Доступные языки модуля Booking Engine (RU, EN, AZ);must;no;skip;doc/screens/IMG-20260522-WA0265.jpg
IMG-20260522-WA0266.jpg;266;SETTINGS;PMS;Опред. онлайн-бронирования → Настройки Онлайн...;Настройки Онлайн Бронирования;form;Опред. онлайн-бронирования;false;Управление типами номеров, тарифами и квотами для виджета;must;no;skip;doc/screens/IMG-20260522-WA0266.jpg
IMG-20260522-WA0267.jpg;267;SETTINGS;PMS;Опред. онлайн-бронирования → Настройки Онлайн...;Настройки Онлайн Бронирования;form;Опред. онлайн-бронирования;false;Вкладка настройки цен онлайн-агентства и расчетных формул;must;no;skip;doc/screens/IMG-20260522-WA0267.jpg
IMG-20260522-WA0268.jpg;268;SETTINGS;PMS;Опред. онлайн-бронирования → Настройки Онлайн...;Настройки Онлайн Бронирования;form;Опред. онлайн-бронирования;false;Общая инфа, фото, адрес и координаты для Booking Engine;must;no;skip;doc/screens/IMG-20260522-WA0268.jpg
IMG-20260522-WA0269.jpg;269;SETTINGS;PMS;Опред. онлайн-бронирования → Настройки Онлайн Бронирования;EMPTY;empty;Опред. онлайн-бронирования;true;из меню: Настройки Онлайн Бронирования;nice;;;doc/screens/IMG-20260522-WA0269.jpg
IMG-20260522-WA0270.jpg;270;SETTINGS;PMS;Опред. онлайн-бронирования → Настройки Онлайн Бронирования;EMPTY;empty;Опред. онлайн-бронирования;true;из меню: Настройки Онлайн Бронирования;nice;;;doc/screens/IMG-20260522-WA0270.jpg
IMG-20260522-WA0271.jpg;271;SETTINGS;PMS;Опред. онлайн-бронирования → Настройки Онлайн Бронирования;EMPTY;empty;Опред. онлайн-бронирования;true;из меню: Настройки Онлайн Бронирования;nice;;;doc/screens/IMG-20260522-WA0271.jpg
IMG-20260522-WA0272.jpg;272;ACC;ACC;Определения интеграции → Таблица курса обмена;Таблица курса обмена;list;Определения интеграции;false;Журнал курсов валют (EUR, USD, AZN) для внешних интеграций;must;no;NAS/1C;doc/screens/IMG-20260522-WA0272.jpg
IMG-20260522-WA0273.jpg;273;ACC;ACC;Определения интеграции → Таблица курса обмена;EMPTY;empty;Определения интеграции;true;из меню: Таблица курса обмена;nice;;;doc/screens/IMG-20260522-WA0273.jpg
IMG-20260522-WA0274.jpg;274;ACC;ACC;Определения интеграции → Экспорт Sage;Экспорт Sage;list;Определения интеграции;false;Интеграция с учетной системой Sage (модуль выгрузки);should;no;NAS/1C;doc/screens/IMG-20260522-WA0274.jpg
IMG-20260522-WA0275.jpg;275;ACC;ACC;Определения интеграции → Определение НДС;Определение НДС;list;Определения интеграции;false;Справочник налоговых ставок и маппинг бухгалтерских счетов;must;no;NAS/1C;doc/screens/IMG-20260522-WA0275.jpg
IMG-20260522-WA0276.jpg;276;ACC;ACC;Определения интеграции → Определение НДС;EMPTY;empty;Определения интеграции;true;из меню: Определение НДС;nice;;;doc/screens/IMG-20260522-WA0276.jpg
IMG-20260522-WA0277.jpg;277;ACC;ACC;Определения интеграции → Банковские счета;Банковские счета;list;Определения интеграции;false;Справочник банковских счетов отеля, IBAN для расчетов;must;no;NAS/1C;doc/screens/IMG-20260522-WA0277.jpg
IMG-20260522-WA0278.jpg;278;ACC;ACC;Определения интеграции → Информация о подключ...;Настройки подключения;list;Определения интеграции;false;Данные компании-интегратора для электронных счетов-фактур;should;yes;e-qaimə;doc/screens/IMG-20260522-WA0278.jpg
IMG-20260522-WA0279.jpg;279;ACC;ACC;Определения интеграции → Бавел;Бавел;list;Определения интеграции;false;Настройки интеграции Bavel (Электронный биллинг);should;yes;e-qaimə;doc/screens/IMG-20260522-WA0279.jpg
IMG-20260522-WA0280.jpg;280;ACC;ACC;Определения интеграции → Бавел;EMPTY;empty;Определения интеграции;true;из меню: Бавел;nice;;;doc/screens/IMG-20260522-WA0280.jpg
IMG-20260522-WA0281.jpg;281;ACC;ACC;Определения интеграции → Бавел;EMPTY;empty;Определения интеграции;true;из меню: Бавел;nice;;;doc/screens/IMG-20260522-WA0281.jpg
IMG-20260522-WA0282.jpg;282;ACC;ACC;Импорт бухгалтерского учета... → Активные отделы;Активные отделы;list;Импорт бух. учета;false;Маппинг медицинских и SPA услуг для импорта из Excel;must;no;NAS/1C;doc/screens/IMG-20260522-WA0282.jpg
IMG-20260522-WA0283.jpg;283;STOCK;STOCK;Импорт бухгалтерского учета... → Рецепт;Рецепт;list;Импорт бух. учета;false;Технологические карты (калькуляции) ресторана/бара;must;no;NAS/1C;doc/screens/IMG-20260522-WA0283.jpg
IMG-20260522-WA0284.jpg;284;STOCK;STOCK;Импорт бухгалтерского учета... → Продукты;Продукты;list;Импорт бух. учета;false;Справочник номенклатуры (Напитки, Еда) с ценами и штрихкодами;must;no;NAS/1C;doc/screens/IMG-20260522-WA0284.jpg
IMG-20260522-WA0285.jpg;285;STOCK;STOCK;Импорт бухгалтерского учета... → Группы товаров;Группы товаров;list;Импорт бух. учета;false;Категории ТМЦ для склада (Алкоголь, Мясо, Овощи и т.д.);must;no;NAS/1C;doc/screens/IMG-20260522-WA0285.jpg
IMG-20260522-WA0286.jpg;286;STOCK;ACC;Импорт бухгалтерского учета... → Группы товаров;EMPTY;empty;Импорт бух. учета;true;из меню: Группы товаров;nice;;;doc/screens/IMG-20260522-WA0286.jpg
IMG-20260522-WA0287.jpg;287;STOCK;STOCK;Импорт бухгалтерского учета... → #Stock Ending...#;#Stock Ending Balance Transfer#;list;Импорт бух. учета;false;Экран массового переноса конечных остатков запасов;should;no;NAS/1C;doc/screens/IMG-20260522-WA0287.jpg
IMG-20260522-WA0288.jpg;288;STOCK;ACC;Импорт бухгалтерского учета... → Группа основног...;Группа основного средства;list;Импорт бух. учета;false;Справочник групп ОС (Здания, Машины, Оборудование);should;no;NAS/1C;doc/screens/IMG-20260522-WA0288.jpg
IMG-20260522-WA0289.jpg;289;STOCK;ACC;Импорт бухгалтерского учета... → Карточки основн...;Карточки основных средств;list;Импорт бух. учета;false;Реестр основных средств отеля для начисления амортизации;should;no;NAS/1C;doc/screens/IMG-20260522-WA0289.jpg
IMG-20260522-WA0290.jpg;290;STOCK;STOCK;Импорт бухгалтерского учета... → Штрих-коды запасов;Штрих-коды запасов;list;Импорт бух. учета;false;Привязка штрихкодов к номенклатуре для сканирования на складе;must;no;NAS/1C;doc/screens/IMG-20260522-WA0290.jpg
IMG-20260522-WA0291.jpg;291;STOCK;STOCK;Импорт бухгалтерского учета... → Промежуточный...;Промежуточный рецепт;list;Импорт бух. учета;false;Составы полуфабрикатов (заготовок) для блюд ресторана;must;no;NAS/1C;doc/screens/IMG-20260522-WA0291.jpg
IMG-20260522-WA0292.jpg;292;STOCK;STOCK;Импорт бухгалтерского учета... → Промежуточный рецеп;EMPTY;empty;Импорт бух. учета;true;из меню: Промежуточный рецепт;nice;;;doc/screens/IMG-20260522-WA0292.jpg
IMG-20260522-WA0293.jpg;293;STOCK;STOCK;Импорт бухгалтерского учета... → Список групп...;Список групп запасов;list;Импорт бух. учета;false;Маппинг групп ТМЦ к бухгалтерским счетам затрат/покупок;must;no;NAS/1C;doc/screens/IMG-20260522-WA0293.jpg
IMG-20260522-WA0294.jpg;294;STOCK;STOCK;Импорт бухгалтерского учета... → Список групп запасов;EMPTY;empty;Импорт бух. учета;true;из меню: Список групп запасов;nice;;;doc/screens/IMG-20260522-WA0294.jpg
IMG-20260522-WA0295.jpg;295;STOCK;STOCK;Импорт бухгалтерского учета... → Список групп запасов;EMPTY;empty;Импорт бух. учета;true;из меню: Список групп запасов;nice;;;doc/screens/IMG-20260522-WA0295.jpg
IMG-20260522-WA0296.jpg;296;STOCK;STOCK;Импорт бухгалтерского учета... → Список групп запасов;EMPTY;empty;Импорт бух. учета;true;из меню: Список групп запасов;nice;;;doc/screens/IMG-20260522-WA0296.jpg
IMG-20260522-WA0297.jpg;297;ACC;ACC;Импорт бухгалтерского учета... → Группы учетных...;Группы учетных записей;list;Импорт бух. учета;false;Специальные коды для выходных/праздничных дней бухгалтерии;should;no;NAS/1C;doc/screens/IMG-20260522-WA0297.jpg
IMG-20260522-WA0298.jpg;298;ACC;ACC;Импорт бухгалтерского учета...;Информационная панель импорта;menu;Импорт бух. учета;false;Главное меню массовой загрузки/выгрузки данных из Excel;must;no;NAS/1C;doc/screens/IMG-20260522-WA0298.jpg
IMG-20260522-WA0299.jpg;299;ACC;ACC;Импорт бухгалтерского учета...;EMPTY;empty;Импорт бух. учета;true;из меню: Информационная панель импорта;nice;;;doc/screens/IMG-20260522-WA0299.jpg
IMG-20260522-WA0300.jpg;300;ACC;ACC;Импорт бухгалтерского учета...;EMPTY;empty;Импорт бух. учета;true;из меню: Информационная панель импорта;nice;;;doc/screens/IMG-20260522-WA0300.jpg
IMG-20260522-WA0301.jpg;301;ACC;ACC;Импорт бухгалтерского учета...;EMPTY;empty;Импорт бух. учета;true;из меню: Информационная панель импорта;nice;;;doc/screens/IMG-20260522-WA0301.jpg
IMG-20260522-WA0302.jpg;302;ACC;ACC;Импорт бухгалтерского учета...;EMPTY;empty;Импорт бух. учета;true;из меню: Информационная панель импорта;nice;;;doc/screens/IMG-20260522-WA0302.jpg
IMG-20260522-WA0303.jpg;303;ACC;ACC;Импорт бухгалтерского учета...;EMPTY;empty;Импорт бух. учета;true;из меню: Информационная панель импорта;nice;;;doc/screens/IMG-20260522-WA0303.jpg
IMG-20260522-WA0304.jpg;304;ACC;ACC;Определения интеграции → Настройки интеграт...;Настройки интегратора передачи счетов;list;Определения интеграции;false;Интеграции для автоматической отправки e-Invoice счетов;should;yes;e-qaimə;doc/screens/IMG-20260522-WA0304.jpg
IMG-20260522-WA0305.jpg;305;ACC;ACC;Определения интеграции → Настройки интегратора...;EMPTY;empty;Определения интеграции;true;из меню: Настройки интегратора передачи счетов;nice;;;doc/screens/IMG-20260522-WA0305.jpg
IMG-20260522-WA0306.jpg;306;ACC;ACC;Определения интеграции → Настройки интегратора...;EMPTY;empty;Определения интеграции;true;из меню: Настройки интегратора передачи счетов;nice;;;doc/screens/IMG-20260522-WA0306.jpg
IMG-20260522-WA0307.jpg;307;ACC;ACC;Определения интеграции → Определение НДС;Определение НДС;list;Определения интеграции;false;Дублирует экран 0275 (Налоговые ставки);should;no;NAS/1C;doc/screens/IMG-20260522-WA0307.jpg
IMG-20260522-WA0308.jpg;308;ACC;ACC;Определения интеграции → Определение НДС;EMPTY;empty;Определения интеграции;true;из меню: Определение НДС;nice;;;doc/screens/IMG-20260522-WA0308.jpg
IMG-20260522-WA0309.jpg;309;ACC;ACC;Определения интеграции → Определение НДС;EMPTY;empty;Определения интеграции;true;из меню: Определение НДС;nice;;;doc/screens/IMG-20260522-WA0309.jpg
IMG-20260522-WA0310.jpg;310;ACC;ACC;Определения интеграции → Определение НДС;EMPTY;empty;Определения интеграции;true;из меню: Определение НДС;nice;;;doc/screens/IMG-20260522-WA0310.jpg
IMG-20260522-WA0311.jpg;311;ACC;ACC;Определения интеграции → Определение НДС;EMPTY;empty;Определения интеграции;true;из меню: Определение НДС;nice;;;doc/screens/IMG-20260522-WA0311.jpg
IMG-20260522-WA0312.jpg;312;ACC;ACC;Определения интеграции → Определение НДС;EMPTY;empty;Определения интеграции;true;из меню: Определение НДС;nice;;;doc/screens/IMG-20260522-WA0312.jpg
IMG-20260522-WA0313.jpg;313;ACC;ACC;Определения интеграции → Определение НДС;EMPTY;empty;Определения интеграции;true;из меню: Определение НДС;nice;;;doc/screens/IMG-20260522-WA0313.jpg
IMG-20260522-WA0314.jpg;314;ACC;ACC;Определения интеграции → Определение НДС;EMPTY;empty;Определения интеграции;true;из меню: Определение НДС;nice;;;doc/screens/IMG-20260522-WA0314.jpg
IMG-20260522-WA0315.jpg;315;ACC;ACC;Определения интеграции → Определение НДС;EMPTY;empty;Определения интеграции;true;из меню: Определение НДС;nice;;;doc/screens/IMG-20260522-WA0315.jpg
IMG-20260522-WA0316.jpg;316;ACC;ACC;Определения интеграции → Определение НДС;EMPTY;empty;Определения интеграции;true;из меню: Определение НДС;nice;;;doc/screens/IMG-20260522-WA0316.jpg
IMG-20260522-WA0317.jpg;317;ACC;ACC;Определения интеграции → Определение НДС;EMPTY;empty;Определения интеграции;true;из меню: Определение НДС;nice;;;doc/screens/IMG-20260522-WA0317.jpg
IMG-20260522-WA0318.jpg;318;ACC;ACC;Определения интеграции → Определение НДС;EMPTY;empty;Определения интеграции;true;из меню: Определение НДС;nice;;;doc/screens/IMG-20260522-WA0318.jpg
IMG-20260522-WA0319.jpg;319;ACC;ACC;Определения интеграции → Определение НДС;EMPTY;empty;Определения интеграции;true;из меню: Определение НДС;nice;;;doc/screens/IMG-20260522-WA0319.jpg
IMG-20260522-WA0320.jpg;320;ACC;ACC;Определения интеграции → Определение НДС;EMPTY;empty;Определения интеграции;true;из меню: Определение НДС;nice;;;doc/screens/IMG-20260522-WA0320.jpg
IMG-20260522-WA0321.jpg;321;ACC;STOCK;Настройки бухгалтерии... → Закупки и запасы;Настройки бухгалтерского учета;form;Изменение данных;false;Детальные тумблеры логики склада (Отрицательные остатки);must;no;NAS/1C;doc/screens/IMG-20260522-WA0321.jpg
IMG-20260522-WA0322.jpg;322;ACC;STOCK;Настройки бухгалтерии... → Закупки и запасы;EMPTY;empty;Изменение данных;true;из меню: Закупки и запасы;nice;;;doc/screens/IMG-20260522-WA0322.jpg
IMG-20260522-WA0323.jpg;323;ACC;STOCK;Настройки бухгалтерии... → Закупки и запасы;EMPTY;empty;Изменение данных;true;из меню: Закупки и запасы;nice;;;doc/screens/IMG-20260522-WA0323.jpg
IMG-20260522-WA0324.jpg;324;ACC;STOCK;Настройки бухгалтерии... → Закупки и запасы;EMPTY;empty;Изменение данных;true;из меню: Закупки и запасы;nice;;;doc/screens/IMG-20260522-WA0324.jpg
IMG-20260522-WA0325.jpg;325;ACC;ACC;Настройки бухгалтерии... → Другие настройки...;Настройки бухгалтерского учета;form;Изменение данных;false;Тумблеры блокировок дат, бюджетных кодов и квитанций;must;no;NAS/1C;doc/screens/IMG-20260522-WA0325.jpg
IMG-20260522-WA0326.jpg;326;ACC;ACC;Настройки бухгалтерии... → Другие настройки...;EMPTY;empty;Изменение данных;true;из меню: Другие настройки;nice;;;doc/screens/IMG-20260522-WA0326.jpg
IMG-20260522-WA0327.jpg;327;ACC;ACC;Настройки бухгалтерии... → Другие настройки...;EMPTY;empty;Изменение данных;true;из меню: Другие настройки;nice;;;doc/screens/IMG-20260522-WA0327.jpg
IMG-20260522-WA0328.jpg;328;ACC;ACC;Настройки бухгалтерии... → Другие настройки...;EMPTY;empty;Изменение данных;true;из меню: Другие настройки;nice;;;doc/screens/IMG-20260522-WA0328.jpg
IMG-20260522-WA0329.jpg;329;ACC;ACC;Настройки бухгалтерии... → Другие настройки...;EMPTY;empty;Изменение данных;true;из меню: Другие настройки;nice;;;doc/screens/IMG-20260522-WA0329.jpg
IMG-20260522-WA0330.jpg;330;ACC;ACC;Настройки бухгалтерии... → Другие настройки...;EMPTY;empty;Изменение данных;true;из меню: Другие настройки;nice;;;doc/screens/IMG-20260522-WA0330.jpg
IMG-20260522-WA0331.jpg;331;ACC;ACC;Настройки бухгалтерии... → Другие настройки...;EMPTY;empty;Изменение данных;true;из меню: Другие настройки;nice;;;doc/screens/IMG-20260522-WA0331.jpg
IMG-20260522-WA0332.jpg;332;ACC;ACC;Настройки бухгалтерии... → Другие настройки...;EMPTY;empty;Изменение данных;true;из меню: Другие настройки;nice;;;doc/screens/IMG-20260522-WA0332.jpg
IMG-20260522-WA0333.jpg;333;ACC;ACC;Настройки бухгалтерии... → Другие настройки...;EMPTY;empty;Изменение данных;true;из меню: Другие настройки;nice;;;doc/screens/IMG-20260522-WA0333.jpg
IMG-20260522-WA0334.jpg;334;SETTINGS;SETTINGS;Определения номеров → Определения типов к...;Тип Кровати;list;Определения номеров;false;Справочник типов кроватей (King, Double, Twin);must;no;skip;doc/screens/IMG-20260522-WA0334.jpg
IMG-20260522-WA0335.jpg;335;SETTINGS;SETTINGS;Определения номеров → Тип Кровати;EMPTY;empty;Определения номеров;true;из меню: Тип Кровати;nice;;;doc/screens/IMG-20260522-WA0335.jpg
IMG-20260522-WA0336.jpg;336;SETTINGS;SETTINGS;Определения пользователей → #Users With Auth...#;Группы полномочий пользователей;list;Определения пользователей;false;Иерархическое дерево пользователей по ролям доступа;must;no;skip;doc/screens/IMG-20260522-WA0336.jpg
IMG-20260522-WA0337.jpg;337;SETTINGS;SETTINGS;Определения пользователей → Группы полномочий...;EMPTY;empty;Определения пользователей;true;из меню: Группы полномочий пользователей;nice;;;doc/screens/IMG-20260522-WA0337.jpg
IMG-20260522-WA0338.jpg;338;SETTINGS;SETTINGS;Определения пользователей → Группы полномочий...;EMPTY;empty;Определения пользователей;true;из меню: Группы полномочий пользователей;nice;;;doc/screens/IMG-20260522-WA0338.jpg
IMG-20260522-WA0339.jpg;339;SETTINGS;SETTINGS;Определения пользователей → Группы полномочий...;EMPTY;empty;Определения пользователей;true;из меню: Группы полномочий пользователей;nice;;;doc/screens/IMG-20260522-WA0339.jpg
IMG-20260522-WA0340.jpg;340;SETTINGS;SETTINGS;Определения пользователей → Группы полномочий...;EMPTY;empty;Определения пользователей;true;из меню: Группы полномочий пользователей;nice;;;doc/screens/IMG-20260522-WA0340.jpg
IMG-20260522-WA0341.jpg;341;SETTINGS;SETTINGS;Определения пользователей → Настройки безопас...;Настройки безопасности;form;Определения пользователей;false;Политика паролей, белый список IP, двухфакторная аутентификация;must;no;skip;doc/screens/IMG-20260522-WA0341.jpg
IMG-20260522-WA0342.jpg;342;SETTINGS;SETTINGS;Определения пользователей → Группа пользователей;Группа пользователей;list;Определения пользователей;false;Группировка пользователей с информацией о последних входах;must;no;skip;doc/screens/IMG-20260522-WA0342.jpg
IMG-20260522-WA0343.jpg;343;SETTINGS;SETTINGS;Определения пользователей → Определения польз...;Пользователи;list;Определения пользователей;false;Дублирует экран 0060 (Полная таблица сотрудников и ролей);should;no;skip;doc/screens/IMG-20260522-WA0343.jpg
IMG-20260522-WA0344.jpg;344;SETTINGS;SETTINGS;Другие определения → #Hotel Map#;#Hotel Map#;list;Другие определения;false;Настройка интерактивной карты отеля (координаты X/Y);nice;no;skip;doc/screens/IMG-20260522-WA0344.jpg
IMG-20260522-WA0345.jpg;345;SETTINGS;DMENU;Цифровой архив → #Auto Report Sender HTML#;Отправитель автоотчета (HTML);list;Главное меню;false;Модуль автоматической рассылки HTML-отчетов менеджерам;should;no;skip;doc/screens/IMG-20260522-WA0345.jpg
IMG-20260522-WA0346.jpg;346;SETTINGS;DMENU;Цифровой архив → Отправитель автоотчета;Отправитель автоотчета;list;Главное меню;false;Настройка регулярных Email-рассылок со сводкой данных;should;no;skip;doc/screens/IMG-20260522-WA0346.jpg
IMG-20260522-WA0347.jpg;347;SETTINGS;DMENU;Цифровой архив → Отправитель автоотчета;EMPTY;empty;Главное меню;true;из меню: Отправитель автоотчета;nice;;;doc/screens/IMG-20260522-WA0347.jpg